name,price,link
Lucky Dip Hood - Mens,17.95,https://rollersnakes.co.uk/products/lucky-dip-hood-mens?_pos=1&_fid=58b4840b3&_ss=c&variant=39309691289779
Dickies 873 Slim Straight Work Pants Black,49.50,https://rollersnakes.co.uk/products/dickies-873-slim-straight-work-pants-black-clothing?_pos=2&_fid=58b4840b3&_ss=c&variant=12392880046154
Volcom Vorta Slim Fit Jeans Rinse,45.00,https://rollersnakes.co.uk/products/volcom-vorta-jeans-rinse?_pos=3&_fid=58b4840b3&_ss=c&variant=31774878597194
Primitive Beacon Tee Black,12.00,https://rollersnakes.co.uk/products/primitive-beacon-tee-black?_pos=4&_fid=58b4840b3&_ss=c&variant=39752963424435
Element Howland Classic Chino Pants Eclipse Navy,27.00,https://rollersnakes.co.uk/products/element-howland-classic-chino-pants-eclipse-navy?_pos=5&_fid=58b4840b3&_ss=c&variant=41380955816115
"DC Banded 20"" Cargo Shorts Dark Olive",22.50,https://rollersnakes.co.uk/products/dc-banded-20-cargo-shorts-dark-olive?_pos=6&_fid=58b4840b3&_ss=c&variant=41376043630771
Lucky Dip Crew Sweat - Mens,16.00,https://rollersnakes.co.uk/products/lucky-dip-crew-sweat-mens?_pos=7&_fid=58b4840b3&_ss=c&variant=38132167868595
DC Star Pilot Raglan Pullover Hood White/Black,27.00,https://rollersnakes.co.uk/products/dc-star-pilot-raglan-pullover-hood-white-black?_pos=8&_fid=58b4840b3&_ss=c&variant=41218577858739
Heathen The Peaquod Tee Black,18.00,https://rollersnakes.co.uk/products/heathen-the-peaquod-tee-black?_pos=9&_fid=58b4840b3&_ss=c&variant=40888084857011
Dickies 873 Slim Straight Work Pants Charcoal Grey,49.50,https://rollersnakes.co.uk/products/dickies-873-slim-straight-work-pants-charcoal-grey-clothing?_pos=10&_fid=58b4840b3&_ss=c&variant=12392880373834
Heathen White Whale Tee Black,18.00,https://rollersnakes.co.uk/products/heathen-white-whale-tee-black?_pos=11&_fid=58b4840b3&_ss=c&variant=40888084725939
Thrasher Flame Logo Pullover Hood Black,70.00,https://rollersnakes.co.uk/products/thrasher-flame-logo-pullover-hood-black-clothing?_pos=12&_fid=58b4840b3&_ss=c&variant=8701484859502
Quiksilver Aqua Cult Regular Fit Jeans Aged,45.00,https://rollersnakes.co.uk/products/quiksilver-aqua-cult-regular-fit-jeans-aged?_pos=13&_fid=58b4840b3&_ss=c&variant=41777792385203
Heathen Ahab Tee Black,18.00,https://rollersnakes.co.uk/products/heathen-ahab-tee-black?_pos=14&_fid=58b4840b3&_ss=c&variant=40888085086387
"DC Warehouse Cargo 20.5"" Cargo Shorts Camo",30.00,https://rollersnakes.co.uk/products/dc-warehouse-cargo-20-5-cargo-shorts-camo?_pos=15&_fid=58b4840b3&_ss=c&variant=39387908440243
Thrasher Skate Mag Tee Black,25.20,https://rollersnakes.co.uk/products/thrasher-skate-mag-tee-black-clothing?_pos=16&_fid=58b4840b3&_ss=c&variant=8701500325998
Dickies 873 Slim Straight Work Pants Olive Green,49.50,https://rollersnakes.co.uk/products/dickies-873-slim-straight-work-pants-olive-green-clothing?_pos=17&_fid=58b4840b3&_ss=c&variant=29239553949770
Volcom Lidward 5K Parka Jacket Black,115.00,https://rollersnakes.co.uk/products/volcom-lidward-5k-parka-jacket-black?_pos=18&_fid=58b4840b3&_ss=c&variant=37777438277811
Thrasher Flame Logo Tee Black,28.00,https://rollersnakes.co.uk/products/thrasher-flame-logo-tee-black-clothing?_pos=19&_fid=58b4840b3&_ss=c&variant=8701485613166
Quiksilver Locals Only Sherpa Zip Fleece Kalamata Check Bogong Gum,40.00,https://rollersnakes.co.uk/products/quiksilver-locals-only-sherpa-zip-fleece-kalamata-check-bogong-gum?_pos=20&_fid=58b4840b3&_ss=c&variant=40803767517363
DC Uno Cargo Pants Woodland Camo,40.00,https://rollersnakes.co.uk/products/dc-uno-cargo-pants-woodland-camo?_pos=21&_fid=58b4840b3&_ss=c&variant=40808400879795
Billabong 73 Chino Pants Gravel,32.00,https://rollersnakes.co.uk/products/billibong-73-chino-pants-gravel?_pos=22&_fid=58b4840b3&_ss=c&variant=41003237867699
"DC Warehouse 20.5"" Cargo Shorts Incense",35.00,https://rollersnakes.co.uk/products/dc-warehouse-20-5-cargo-shorts-incense?_pos=23&_fid=58b4840b3&_ss=c&variant=39991606149299
Thrasher Flame Logo Pullover Hood Heather Grey,63.00,https://rollersnakes.co.uk/products/thrasher-flame-logo-pullover-hood-heather-grey-clothing?_pos=24&_fid=58b4840b3&_ss=c&variant=8701485023342
Billabong 73 Chino Pants Dark Olive,35.00,https://rollersnakes.co.uk/products/billibong-73-chino-pants-dark-olive?_pos=25&_fid=58b4840b3&_ss=c&variant=41003238064307
Ripndip Lord Nermal Pocket Tee Heather Grey,35.00,https://rollersnakes.co.uk/products/ripndip-lord-nermal-pocket-tee-heather-grey-clothing?_pos=26&_fid=58b4840b3&_ss=c&variant=8701328818286
Quiksilver Surf Zip Hood Dark Grey Heather,27.00,https://rollersnakes.co.uk/products/quiksilver-surf-zip-hood-dark-grey-heather?_pos=27&_fid=58b4840b3&_ss=c&variant=41777768366259
Element Howland Classic Chino Pants Bronco Brown,22.50,https://rollersnakes.co.uk/products/element-howland-classic-chino-pants-b-bronco-brown?_pos=28&_fid=58b4840b3&_ss=c&variant=38230743318707
Heathen No Love Lost Tee Black,18.00,https://rollersnakes.co.uk/products/heathen-no-love-lost-tee-black?_pos=29&_fid=58b4840b3&_ss=c&variant=40888085610675
DC Mechanic 4 Pants Black,35.00,https://rollersnakes.co.uk/products/dc-mechanic-4-pants-black?_pos=30&_fid=58b4840b3&_ss=c&variant=41218621014195
"DC Worker Straight 20.5"" Chino Shorts Khaki",22.50,https://rollersnakes.co.uk/products/dc-worker-straight-20-5-chino-shorts-khaki?_pos=31&_fid=58b4840b3&_ss=c&variant=31299935174730
Thrasher Skate Mag Logo Long Sleeve Tee Black,34.20,https://rollersnakes.co.uk/products/thrasher-skate-mag-logo-long-sleeve-tee-black-clothing?_pos=32&_fid=58b4840b3&_ss=c&variant=12409245237322
Element Wolfeboro Alder Avalanche Jacket Old Gold,49.50,https://rollersnakes.co.uk/products/element-wolfeboro-alder-avalanche-jacket-old-gold?_pos=33&_fid=58b4840b3&_ss=c&variant=40849054138547
Thrasher Skate Mag Pullover Hood Navy Blue,63.00,https://rollersnakes.co.uk/products/thrasher-skate-mag-pullover-hood-navy-blue-clothing?_pos=34&_fid=58b4840b3&_ss=c&variant=12409245958218
DC Star Pilot Raglan Pullover Hood Turksea/Heathergrey,30.00,https://rollersnakes.co.uk/products/dc-star-pilot-raglan-pullover-hood-turksea-heathergrey?_pos=35&_fid=58b4840b3&_ss=c&variant=41218569863347
Thrasher SK8 Goat Pullover Hood Black,58.50,https://rollersnakes.co.uk/products/thrasher-sk8-goat-hood-black-clothing?_pos=36&_fid=58b4840b3&_ss=c&variant=8701497901166
Thrasher Flame Logo Long Sleeve Tee Black,31.50,https://rollersnakes.co.uk/products/thrasher-flame-logo-longsleeve-tee-black-clothing?_pos=37&_fid=58b4840b3&_ss=c&variant=8701484630126
Primitive Edison Crew Tee Green,16.20,https://rollersnakes.co.uk/products/primitive-edison-crew-tee-green?_pos=38&_fid=58b4840b3&_ss=c&variant=39752963817651
Volcom Lidward 5K Jacket Navy,103.50,https://rollersnakes.co.uk/products/volcom-lidward-5k-jacket-navy?_pos=39&_fid=58b4840b3&_ss=c&variant=31503644229706
"Billabong Scheme 21"" Cargo Shorts Light Khaki",29.00,https://rollersnakes.co.uk/products/billabong-scheme-21-cargo-shorts-light-khaki?_pos=40&_fid=58b4840b3&_ss=c&variant=41785288917171
DC Riot 2 Zip Hood Black Colour Block,27.00,https://rollersnakes.co.uk/products/dc-riot-2-zip-hood-black-colour-block?_pos=41&_fid=58b4840b3&_ss=c&variant=41218604466355
Quiksilver Everyday Chino Shorts Bijou Blue,13.00,https://rollersnakes.co.uk/products/quiksilver-everyday-chino-shorts-bijou-blue?_pos=42&_fid=58b4840b3&_ss=c&variant=37574732153011
Element Legion II Cargo Walkshorts Leopard Camo,31.50,https://rollersnakes.co.uk/products/element-legion-ii-cargo-walkshorts-leopard-camo?_pos=43&_fid=58b4840b3&_ss=c&variant=41380955979955
Heathen White Whale Longsleeve Tee Black,25.00,https://rollersnakes.co.uk/products/heathen-white-whale-longsleeve-tee-black?_pos=44&_fid=58b4840b3&_ss=c&variant=40888086626483
"Quiksilver Sylvestor 20"" Cargo Shorts Camo Print Crucial Battle",31.50,https://rollersnakes.co.uk/products/quiksilver-sylvestor-20-cargo-shorts-camo-print-crucial-battle?_pos=45&_fid=58b4840b3&_ss=c&variant=40803774464179
DC Warehouse 2 Cargo Shorts DC Woodland Camo,35.00,https://rollersnakes.co.uk/products/dc-warehouse-2-cargo-shorts-dc-woodland-camo?_pos=46&_fid=58b4840b3&_ss=c&variant=41218622292147
Volcom Frickin Modern Stretch Pants Dark Earth,40.00,https://rollersnakes.co.uk/products/volcom-frickin-modern-stretch-pants-dark-earth?_pos=47&_fid=58b4840b3&_ss=c&variant=41312156582067
"DC Worker Straight 20.5"" Chino Shorts Teal",22.50,https://rollersnakes.co.uk/products/dc-worker-straight-20-5-chino-shorts-teal?_pos=48&_fid=58b4840b3&_ss=c&variant=41376047956147
Thrasher Flame Logo Tee White,25.20,https://rollersnakes.co.uk/products/thrasher-flame-logo-tee-white-clothing?_pos=49&_fid=58b4840b3&_ss=c&variant=8701486039150
RVCA Americana Pullover Hood Athletic Heather,30.00,https://rollersnakes.co.uk/products/rvca-americana-pullover-hood-athletic-heather?_pos=50&_fid=58b4840b3&_ss=c&variant=40224316620979
DC Higher Rank Zip Hood Black,30.00,https://rollersnakes.co.uk/products/dc-higher-rank-zip-hood-black?_pos=51&_fid=58b4840b3&_ss=c&variant=41786518372531
Volcom Frickin Modern Stretch Pants Duffle Bag,40.00,https://rollersnakes.co.uk/products/volcom-frickin-modern-stretch-pants-duffle-bag?_pos=52&_fid=58b4840b3&_ss=c&variant=41312157302963
Volcom Cannione Pullover Hood White,40.00,https://rollersnakes.co.uk/products/volcom-cannione-pullover-hood-white?_pos=53&_fid=58b4840b3&_ss=c&variant=40194071855283
DC Riot 2 Pullover Hood Ivy Green,25.00,https://rollersnakes.co.uk/products/dc-riot-2-pullover-hood-ivy-green?_pos=54&_fid=58b4840b3&_ss=c&variant=41786518536371
Quiksilver Scripted Game Longsleeve Tee Black,18.00,https://rollersnakes.co.uk/products/quiksilver-scripted-game-longsleeve-tee-black?_pos=55&_fid=58b4840b3&_ss=c&variant=41777755947187
Billabong Bad Billy Pullover Hood Black,29.00,https://rollersnakes.co.uk/products/billabong-bad-billy-pullover-hood-black?_pos=56&_fid=58b4840b3&_ss=c&variant=41785325846707
Thrasher Skate Mag Logo Tee Grey/Red,25.20,https://rollersnakes.co.uk/products/thrasher-skate-mag-logo-tee-greyred-clothing?_pos=57&_fid=58b4840b3&_ss=c&variant=12409245270090
DC Stuntly Pullover Hood Heather Grey,22.00,https://rollersnakes.co.uk/products/dc-stuntly-pullover-hood-heather-grey?_pos=58&_fid=58b4840b3&_ss=c&variant=41786516865203
DC Worker Straight Fit Jeans Indigo Fade Wash,40.00,https://rollersnakes.co.uk/products/dc-worker-straight-fit-jeans-indigo-fade-wash?_pos=59&_fid=58b4840b3&_ss=c&variant=41786509590707
DC Spectrum Snow Jacket Black,99.00,https://rollersnakes.co.uk/products/dc-spectrum-snow-jacket-black?_pos=60&_fid=58b4840b3&_ss=c&variant=31821792346186
Thrasher Flame Logo Pullover Hood Navy Blue,63.00,https://rollersnakes.co.uk/products/thrasher-flame-logo-pullover-hood-navy-blue-clothing?_pos=61&_fid=58b4840b3&_ss=c&variant=12409240649802
Billabong All Day Pullover Hood Navy,25.00,https://rollersnakes.co.uk/products/billibong-all-day-pullover-hood-navy?_pos=62&_fid=58b4840b3&_ss=c&variant=41003236950195
Skateboard Cafe Wayne Tee Black,16.20,https://rollersnakes.co.uk/products/skateboard-cafe-wayne-tee-black?_pos=63&_fid=58b4840b3&_ss=c&variant=41270592471219
Element Wolfeboro Koto Insulator Jacket Flint Black,40.50,https://rollersnakes.co.uk/products/element-wolfeboro-koto-insulator-jacket-flint-black?_pos=64&_fid=58b4840b3&_ss=c&variant=40849055613107
Element Wolfeboro Koto Insulator Jacket Eclipse Navy,40.50,https://rollersnakes.co.uk/products/element-wolfeboro-koto-insulator-jacket-eclipse-navy?_pos=65&_fid=58b4840b3&_ss=c&variant=40849054924979
Etnies Team Embroidered Tee Natural,16.20,https://rollersnakes.co.uk/products/etnies-team-embroidered-tee-natural?_pos=66&_fid=58b4840b3&_ss=c&variant=40770195161267
Volcom Zero Division Pullover Hood Heather Grey,31.50,https://rollersnakes.co.uk/products/volcom-zero-division-pullover-hood-heather-grey?_pos=67&_fid=58b4840b3&_ss=c&variant=40194080112819
Rollersnakes WordMark Tee Black,17.99,https://rollersnakes.co.uk/products/rollersnakes-wordmark-tee-black?_pos=68&_fid=58b4840b3&_ss=c&variant=42006834184371
Volcom Chromatic Crew Tee Cool Blue,16.20,https://rollersnakes.co.uk/products/volcom-chromatic-crew-tee-cool-blue?_pos=69&_fid=58b4840b3&_ss=c&variant=38239120556211
Rollersnakes Slurper Tee Sport Purple,12.00,https://rollersnakes.co.uk/products/rollersnakes-slurper-tee-sport-purple?_pos=70&_fid=58b4840b3&_ss=c&variant=40888082727091
Rollersnakes Toaster Tee White,12.00,https://rollersnakes.co.uk/products/rollersnakes-toaster-tee-white?_pos=71&_fid=58b4840b3&_ss=c&variant=40888083349683
"Billabong Scheme 21"" Camo Cargo Shorts Charcoal Camo",29.00,https://rollersnakes.co.uk/products/billabong-scheme-21-camo-cargo-shorts-charcoal-camo?_pos=72&_fid=58b4840b3&_ss=c&variant=41785285640371
Heathen Moby Shorts Black,30.00,https://rollersnakes.co.uk/products/heathen-moby-shorts-black?_pos=73&_fid=58b4840b3&_ss=c&variant=40888086823091
Volcom Deadly Stones Insulated Snow Jacket Blue,80.00,https://rollersnakes.co.uk/products/volcom-deadly-stones-insulated-snow-jacket-blue?_pos=74&_fid=58b4840b3&_ss=c&variant=40337417732275
Carhartt WIP Mentley Jacket Cypress,157.50,https://rollersnakes.co.uk/products/carhartt-mentley-jacket-cypress-clothing?_pos=75&_fid=58b4840b3&_ss=c&variant=13631357550666
Quiksilver x Stranger Things Hellfire Surf Club Pullover Hood Black Upside Down Yardage,33.00,https://rollersnakes.co.uk/products/quiksilver-x-stranger-things-hellfire-surf-club-pullover-hood-black-upside-down-yardage?_pos=76&_fid=58b4840b3&_ss=c&variant=41777777148083
Skateboard Cafe Wayne Pullover Hood Heather Grey,31.50,https://rollersnakes.co.uk/products/skateboard-cafe-wayne-pullover-hood-heather-grey?_pos=77&_fid=58b4840b3&_ss=c&variant=41270587457715
Thrasher Skate Mag Logo Tee Maroon,25.20,https://rollersnakes.co.uk/products/thrasher-skate-mag-logo-tee-maroon-clothing?_pos=78&_fid=58b4840b3&_ss=c&variant=8701500620910
"Quiksilver Every Day 15"" Swim Shorts Blue Atoll",13.50,https://rollersnakes.co.uk/products/quiksilver-every-day-15-swim-shorts-blue-atoll?_pos=79&_fid=58b4840b3&_ss=c&variant=37574729203891
Element Wolfeboro Alder Light 2 Tones Jacket Flint Black,60.00,https://rollersnakes.co.uk/products/element-wolfeboro-alder-light-2-tones-jacket-flint-black?_pos=80&_fid=58b4840b3&_ss=c&variant=40224320684211
Lucky Dip Hood - Mens,17.95,https://rollersnakes.co.uk/products/lucky-dip-hood-mens?_pos=1&_fid=58b4840b3&_ss=c&variant=39309691289779
Dickies 873 Slim Straight Work Pants Black,49.50,https://rollersnakes.co.uk/products/dickies-873-slim-straight-work-pants-black-clothing?_pos=2&_fid=58b4840b3&_ss=c&variant=12392880046154
Volcom Vorta Slim Fit Jeans Rinse,45.00,https://rollersnakes.co.uk/products/volcom-vorta-jeans-rinse?_pos=3&_fid=58b4840b3&_ss=c&variant=31774878597194
Primitive Beacon Tee Black,12.00,https://rollersnakes.co.uk/products/primitive-beacon-tee-black?_pos=4&_fid=58b4840b3&_ss=c&variant=39752963424435
Element Howland Classic Chino Pants Eclipse Navy,27.00,https://rollersnakes.co.uk/products/element-howland-classic-chino-pants-eclipse-navy?_pos=5&_fid=58b4840b3&_ss=c&variant=41380955816115
"DC Banded 20"" Cargo Shorts Dark Olive",22.50,https://rollersnakes.co.uk/products/dc-banded-20-cargo-shorts-dark-olive?_pos=6&_fid=58b4840b3&_ss=c&variant=41376043630771
Lucky Dip Crew Sweat - Mens,16.00,https://rollersnakes.co.uk/products/lucky-dip-crew-sweat-mens?_pos=7&_fid=58b4840b3&_ss=c&variant=38132167868595
DC Star Pilot Raglan Pullover Hood White/Black,27.00,https://rollersnakes.co.uk/products/dc-star-pilot-raglan-pullover-hood-white-black?_pos=8&_fid=58b4840b3&_ss=c&variant=41218577858739
Heathen The Peaquod Tee Black,18.00,https://rollersnakes.co.uk/products/heathen-the-peaquod-tee-black?_pos=9&_fid=58b4840b3&_ss=c&variant=40888084857011
Dickies 873 Slim Straight Work Pants Charcoal Grey,49.50,https://rollersnakes.co.uk/products/dickies-873-slim-straight-work-pants-charcoal-grey-clothing?_pos=10&_fid=58b4840b3&_ss=c&variant=12392880373834
Heathen White Whale Tee Black,18.00,https://rollersnakes.co.uk/products/heathen-white-whale-tee-black?_pos=11&_fid=58b4840b3&_ss=c&variant=40888084725939
Thrasher Flame Logo Pullover Hood Black,70.00,https://rollersnakes.co.uk/products/thrasher-flame-logo-pullover-hood-black-clothing?_pos=12&_fid=58b4840b3&_ss=c&variant=8701484859502
Quiksilver Aqua Cult Regular Fit Jeans Aged,45.00,https://rollersnakes.co.uk/products/quiksilver-aqua-cult-regular-fit-jeans-aged?_pos=13&_fid=58b4840b3&_ss=c&variant=41777792385203
Heathen Ahab Tee Black,18.00,https://rollersnakes.co.uk/products/heathen-ahab-tee-black?_pos=14&_fid=58b4840b3&_ss=c&variant=40888085086387
"DC Warehouse Cargo 20.5"" Cargo Shorts Camo",30.00,https://rollersnakes.co.uk/products/dc-warehouse-cargo-20-5-cargo-shorts-camo?_pos=15&_fid=58b4840b3&_ss=c&variant=39387908440243
Thrasher Skate Mag Tee Black,25.20,https://rollersnakes.co.uk/products/thrasher-skate-mag-tee-black-clothing?_pos=16&_fid=58b4840b3&_ss=c&variant=8701500325998
Dickies 873 Slim Straight Work Pants Olive Green,49.50,https://rollersnakes.co.uk/products/dickies-873-slim-straight-work-pants-olive-green-clothing?_pos=17&_fid=58b4840b3&_ss=c&variant=29239553949770
Volcom Lidward 5K Parka Jacket Black,115.00,https://rollersnakes.co.uk/products/volcom-lidward-5k-parka-jacket-black?_pos=18&_fid=58b4840b3&_ss=c&variant=37777438277811
Thrasher Flame Logo Tee Black,28.00,https://rollersnakes.co.uk/products/thrasher-flame-logo-tee-black-clothing?_pos=19&_fid=58b4840b3&_ss=c&variant=8701485613166
Quiksilver Locals Only Sherpa Zip Fleece Kalamata Check Bogong Gum,40.00,https://rollersnakes.co.uk/products/quiksilver-locals-only-sherpa-zip-fleece-kalamata-check-bogong-gum?_pos=20&_fid=58b4840b3&_ss=c&variant=40803767517363
DC Uno Cargo Pants Woodland Camo,40.00,https://rollersnakes.co.uk/products/dc-uno-cargo-pants-woodland-camo?_pos=21&_fid=58b4840b3&_ss=c&variant=40808400879795
Billabong 73 Chino Pants Gravel,32.00,https://rollersnakes.co.uk/products/billibong-73-chino-pants-gravel?_pos=22&_fid=58b4840b3&_ss=c&variant=41003237867699
"DC Warehouse 20.5"" Cargo Shorts Incense",35.00,https://rollersnakes.co.uk/products/dc-warehouse-20-5-cargo-shorts-incense?_pos=23&_fid=58b4840b3&_ss=c&variant=39991606149299
Thrasher Flame Logo Pullover Hood Heather Grey,63.00,https://rollersnakes.co.uk/products/thrasher-flame-logo-pullover-hood-heather-grey-clothing?_pos=24&_fid=58b4840b3&_ss=c&variant=8701485023342
Billabong 73 Chino Pants Dark Olive,35.00,https://rollersnakes.co.uk/products/billibong-73-chino-pants-dark-olive?_pos=25&_fid=58b4840b3&_ss=c&variant=41003238064307
Ripndip Lord Nermal Pocket Tee Heather Grey,35.00,https://rollersnakes.co.uk/products/ripndip-lord-nermal-pocket-tee-heather-grey-clothing?_pos=26&_fid=58b4840b3&_ss=c&variant=8701328818286
Quiksilver Surf Zip Hood Dark Grey Heather,27.00,https://rollersnakes.co.uk/products/quiksilver-surf-zip-hood-dark-grey-heather?_pos=27&_fid=58b4840b3&_ss=c&variant=41777768366259
Element Howland Classic Chino Pants Bronco Brown,22.50,https://rollersnakes.co.uk/products/element-howland-classic-chino-pants-b-bronco-brown?_pos=28&_fid=58b4840b3&_ss=c&variant=38230743318707
Heathen No Love Lost Tee Black,18.00,https://rollersnakes.co.uk/products/heathen-no-love-lost-tee-black?_pos=29&_fid=58b4840b3&_ss=c&variant=40888085610675
DC Mechanic 4 Pants Black,35.00,https://rollersnakes.co.uk/products/dc-mechanic-4-pants-black?_pos=30&_fid=58b4840b3&_ss=c&variant=41218621014195
"DC Worker Straight 20.5"" Chino Shorts Khaki",22.50,https://rollersnakes.co.uk/products/dc-worker-straight-20-5-chino-shorts-khaki?_pos=31&_fid=58b4840b3&_ss=c&variant=31299935174730
Thrasher Skate Mag Logo Long Sleeve Tee Black,34.20,https://rollersnakes.co.uk/products/thrasher-skate-mag-logo-long-sleeve-tee-black-clothing?_pos=32&_fid=58b4840b3&_ss=c&variant=12409245237322
Element Wolfeboro Alder Avalanche Jacket Old Gold,49.50,https://rollersnakes.co.uk/products/element-wolfeboro-alder-avalanche-jacket-old-gold?_pos=33&_fid=58b4840b3&_ss=c&variant=40849054138547
Thrasher Skate Mag Pullover Hood Navy Blue,63.00,https://rollersnakes.co.uk/products/thrasher-skate-mag-pullover-hood-navy-blue-clothing?_pos=34&_fid=58b4840b3&_ss=c&variant=12409245958218
DC Star Pilot Raglan Pullover Hood Turksea/Heathergrey,30.00,https://rollersnakes.co.uk/products/dc-star-pilot-raglan-pullover-hood-turksea-heathergrey?_pos=35&_fid=58b4840b3&_ss=c&variant=41218569863347
Thrasher SK8 Goat Pullover Hood Black,58.50,https://rollersnakes.co.uk/products/thrasher-sk8-goat-hood-black-clothing?_pos=36&_fid=58b4840b3&_ss=c&variant=8701497901166
Thrasher Flame Logo Long Sleeve Tee Black,31.50,https://rollersnakes.co.uk/products/thrasher-flame-logo-longsleeve-tee-black-clothing?_pos=37&_fid=58b4840b3&_ss=c&variant=8701484630126
Primitive Edison Crew Tee Green,16.20,https://rollersnakes.co.uk/products/primitive-edison-crew-tee-green?_pos=38&_fid=58b4840b3&_ss=c&variant=39752963817651
Volcom Lidward 5K Jacket Navy,103.50,https://rollersnakes.co.uk/products/volcom-lidward-5k-jacket-navy?_pos=39&_fid=58b4840b3&_ss=c&variant=31503644229706
"Billabong Scheme 21"" Cargo Shorts Light Khaki",29.00,https://rollersnakes.co.uk/products/billabong-scheme-21-cargo-shorts-light-khaki?_pos=40&_fid=58b4840b3&_ss=c&variant=41785288917171
